{"maverageHeartRate":0.57240868356345853,"mean_RR":0.24969002177110078,"meanSSinterval":0.24988391916427441}