{"maverageHeartRate":0.37592018265779442,"mean_RR":0.42513967627990162,"meanSSinterval":0.42528632482278489}