{"maverageHeartRate":0.42891322267380555,"mean_RR":0.37258599512028079,"meanSSinterval":0.37254062225722157}