{"maverageHeartRate":0.28991402566332086,"mean_RR":0.5218734074328254,"meanSSinterval":0.52183971132833018}