{"maverageHeartRate":0.16429973014443411,"mean_RR":0.6941446985890376,"meanSSinterval":0.69412768445884776}