{"maverageHeartRate":0.495753695003297,"mean_RR":0.31182695873492039,"meanSSinterval":0.31164915651609321}