{"maverageHeartRate":0.32909871310785421,"mean_RR":0.47589254795147956,"meanSSinterval":0.47601756420154367}