{"maverageHeartRate":0.50854685333568017,"mean_RR":0.30113522098658407,"meanSSinterval":0.30111577741324042}