{"maverageHeartRate":0.3401635268745678,"mean_RR":0.46393082071338104,"meanSSinterval":0.4638767339574813}