{"maverageHeartRate":0.27036347133774735,"mean_RR":0.541851046442516,"meanSSinterval":0.552193565193091}