{"maverageHeartRate":-0.10339478854822241,"mean_RR":-0.049598893113274076,"meanSSinterval":-0.059741501835900324}