{"maverageHeartRate":-1.2020458770356606,"mean_RR":1.2197557207257093,"meanSSinterval":1.2130295873568215}