{"maverageHeartRate":0.925139523821501,"mean_RR":-0.89346914245357789,"meanSSinterval":-0.76806652392724906}