{"maverageHeartRate":-0.62352755144003436,"mean_RR":0.49452036168032765,"meanSSinterval":0.48608094209237385}