{"maverageHeartRate":1.2349594452691148,"mean_RR":-1.1107453313780142,"meanSSinterval":-1.1221447884866471}