{"maverageHeartRate":0.93446144918748442,"mean_RR":-0.90649564729945409,"meanSSinterval":-0.88719763025409371}