{"maverageHeartRate":0.5441261447804091,"mean_RR":-0.612808043037415,"meanSSinterval":-0.62320305145879251}