{"maverageHeartRate":-0.082917004387561929,"mean_RR":-0.068665240607215364,"meanSSinterval":-0.077970850671872927}