{"maverageHeartRate":-0.37826535278736118,"mean_RR":0.22734953390440149,"meanSSinterval":0.21972555092376367}