{"maverageHeartRate":-0.20536461978349005,"mean_RR":0.05045647409123756,"meanSSinterval":0.041325270602815795}