{"maverageHeartRate":-0.40762673724339393,"mean_RR":0.25740399565785149,"meanSSinterval":0.24919705358535388}