{"maverageHeartRate":1.1125863094020849,"mean_RR":-1.0298104339375018,"meanSSinterval":-1.0409481233405027}