{"maverageHeartRate":-1.1242369500771505,"mean_RR":1.1139024373931863,"meanSSinterval":1.1069643809915932}