{"maverageHeartRate":0.1611113344929567,"mean_RR":-0.293297018774628,"meanSSinterval":-0.30305235175927958}