{"maverageHeartRate":0.4881484705676522,"mean_RR":-0.56799243676146038,"meanSSinterval":-0.57107207823019934}