{"maverageHeartRate":-0.34042725846294719,"mean_RR":0.17836586698955129,"meanSSinterval":0.17899929899690817}