{"maverageHeartRate":0.091952659411420418,"mean_RR":-0.23111035026273888,"meanSSinterval":-0.24126584474406126}