{"maverageHeartRate":2.397366554425032,"mean_RR":-1.7768886598527662,"meanSSinterval":-1.7896142100094832}