{"maverageHeartRate":0.61322175750059371,"mean_RR":-0.66824477872118193,"meanSSinterval":-0.6778068475403396}