{"maverageHeartRate":-2.5620378441646721,"mean_RR":3.7623686697478989,"meanSSinterval":3.7610913574681359}