{"maverageHeartRate":1.9209952735509,"mean_RR":-1.5257507189674389,"meanSSinterval":-1.5379734796746058}