{"maverageHeartRate":-0.25691620636665163,"mean_RR":0.10195423339813656,"meanSSinterval":0.1015562628291954}