{"maverageHeartRate":0.14916664314396411,"mean_RR":-0.28167408135701649,"meanSSinterval":-0.28348589655519235}