{"maverageHeartRate":0.30071865902086925,"mean_RR":-0.41272753716929994,"meanSSinterval":-0.42272197542172374}