{"maverageHeartRate":-0.29441274334457251,"mean_RR":0.14104616691677557,"meanSSinterval":0.13216040851922034}