{"maverageHeartRate":-0.87502935274315352,"mean_RR":0.792943539211482,"meanSSinterval":0.78522895979164287}