{"maverageHeartRate":1.1043751036073253,"mean_RR":-0.96963036553798421,"meanSSinterval":-0.99277500223651516}