{"maverageHeartRate":2.0396003851557745,"mean_RR":-1.5919842100365551,"meanSSinterval":-1.6038905846861811}