{"maverageHeartRate":0.95616493550869319,"mean_RR":-0.92015730864617062,"meanSSinterval":-0.93105608224203162}