{"maverageHeartRate":0.27676829889088617,"mean_RR":-0.3937913766290464,"meanSSinterval":-0.40258214868121767}