{"maverageHeartRate":-0.06373351691465852,"mean_RR":-0.086545318922364556,"meanSSinterval":-0.095780490394812748}