{"maverageHeartRate":-0.59026924369985079,"mean_RR":0.45655686137155,"meanSSinterval":0.44788952588868669}