{"maverageHeartRate":-1.2291714928881021,"mean_RR":1.2603550244300474,"meanSSinterval":1.2547367684540731}