{"maverageHeartRate":0.0784583105615187,"mean_RR":-0.21838216989010642,"meanSSinterval":-0.22798751997890015}