{"maverageHeartRate":-0.23718883102145102,"mean_RR":0.081322917447328738,"meanSSinterval":0.073558598426748653}