{"maverageHeartRate":0.1671303672570866,"mean_RR":-0.29826388125125458,"meanSSinterval":-0.3080291581179091}