{"maverageHeartRate":-0.73474113377036809,"mean_RR":0.62256120718668628,"meanSSinterval":0.61479102972410926}