{"maverageHeartRate":-0.18168338180929053,"mean_RR":0.026788390248356143,"meanSSinterval":0.017673882644546338}