{"maverageHeartRate":-1.2635367468376182,"mean_RR":1.3095583792108438,"meanSSinterval":1.3028642461932607}