{"maverageHeartRate":-0.59145425108486538,"mean_RR":0.45893675897663355,"meanSSinterval":0.58512967717522257}