{"maverageHeartRate":-0.92990423880736883,"mean_RR":0.85920262448980311,"meanSSinterval":0.85261913382116072}