{"maverageHeartRate":-0.43488372102291567,"mean_RR":0.28696104452380716,"meanSSinterval":0.27824909606525355}