{"maverageHeartRate":-0.039948342842746946,"mean_RR":-0.108823179801914,"meanSSinterval":-0.11820918786645795}