{"maverageHeartRate":-0.23295362855969512,"mean_RR":0.077618833678633717,"meanSSinterval":0.067960111666489117}