{"maverageHeartRate":-1.7472090397992643,"mean_RR":2.068157449610005,"meanSSinterval":2.0632841926565915}