{"maverageHeartRate":-1.0098716231511125,"mean_RR":0.96279925629236141,"meanSSinterval":0.95555868452816262}