{"maverageHeartRate":1.9196382173464324,"mean_RR":-1.5260648875794083,"meanSSinterval":-1.4492853684707923}