{"maverageHeartRate":-1.2211960551942667,"mean_RR":1.2245637207057314,"meanSSinterval":1.2754496866331235}