{"maverageHeartRate":0.85209199308218231,"mean_RR":-0.84660114528537422,"meanSSinterval":-0.85097745138210923}