{"maverageHeartRate":0.84120467286102685,"mean_RR":-0.83836713384942207,"meanSSinterval":-0.84945479894932574}