{"maverageHeartRate":-0.6976976367729617,"mean_RR":0.57806940808473306,"meanSSinterval":0.57102496095644451}