{"maverageHeartRate":1.2994758917148377,"mean_RR":-1.1535963111484,"meanSSinterval":-1.1649397378088864}