{"maverageHeartRate":0.59016274220495912,"mean_RR":-0.64826876324948279,"meanSSinterval":-0.65873476562714273}