{"maverageHeartRate":-1.3373799722033848,"mean_RR":1.4162354895473945,"meanSSinterval":1.4238187823605131}