{"maverageHeartRate":110.34510241491991,"meanSSinterval":54.432754880694141,"mean_RR":54.424538545059718}