{"maverageHeartRate":109.92848127892302,"meanSSinterval":54.643678160919542,"mean_RR":54.643678160919542}