{"maverageHeartRate":79.329461457233364,"meanSSinterval":75.76,"mean_RR":75.633943427620636}