{"maverageHeartRate":78.289770629026307,"meanSSinterval":76.75905511811024,"mean_RR":76.75905511811024}