{"maverageHeartRate":105.55269719396841,"meanSSinterval":56.918918918918919,"mean_RR":56.906426155580611}