{"maverageHeartRate":75.586155563825827,"meanSSinterval":79.511834319526628,"mean_RR":79.4874074074074}