{"maverageHeartRate":69.869660355817715,"meanSSinterval":86.0163666121113,"mean_RR":86.014729950900161}