{"maverageHeartRate":95.96562425399857,"meanSSinterval":62.614349775784753,"mean_RR":62.615844544095665}