{"maverageHeartRate":71.809313084582115,"meanSSinterval":83.673211781206177,"mean_RR":83.678370786516851}