{"maverageHeartRate":71.795059737594372,"meanSSinterval":85.386541471048517,"mean_RR":83.70814132104455}