{"maverageHeartRate":94.539292217274522,"meanSSinterval":63.538373424971361,"mean_RR":63.536697247706421}