{"maverageHeartRate":64.220483781218292,"meanSSinterval":94.004615384615391,"mean_RR":93.2854961832061}