{"maverageHeartRate":74.006149198985923,"meanSSinterval":81.192700729927012,"mean_RR":81.187134502923982}