{"maverageHeartRate":63.711207149422144,"meanSSinterval":94.34686346863468,"mean_RR":94.348708487084878}