{"maverageHeartRate":65.386714292801514,"meanSSinterval":91.901215805471125,"mean_RR":91.901215805471125}