{"maverageHeartRate":85.453895639742683,"meanSSinterval":70.301507537688437,"mean_RR":70.301507537688437}