{"maverageHeartRate":78.142519535629887,"meanSSinterval":76.885941644562337,"mean_RR":76.884615384615387}