{"maverageHeartRate":82.238097834978447,"meanSSinterval":73.055776892430274,"mean_RR":73.041223404255319}