{"maverageHeartRate":74.359309867843066,"meanSSinterval":80.824773413897276,"mean_RR":80.811178247734134}