{"maverageHeartRate":76.107128871332975,"meanSSinterval":78.930107526881727,"mean_RR":78.938172043010752}