{"maverageHeartRate":107.74479352309181,"meanSSinterval":55.739829706717124,"mean_RR":55.739829706717124}