{"maverageHeartRate":76.056187576777234,"meanSSinterval":79,"mean_RR":78.984507042253526}