{"maverageHeartRate":70.071595661728225,"meanSSinterval":85.756838905775069,"mean_RR":85.754946727549466}