{"maverageHeartRate":80.919365561781746,"meanSSinterval":74.23619271445358,"mean_RR":74.23619271445358}