{"maverageHeartRate":90.148874426910723,"meanSSinterval":67.005753739930952,"mean_RR":66.627720504009162}