{"maverageHeartRate":75.818905404945738,"meanSSinterval":79.34952766531714,"mean_RR":79.242587601078171}