{"maverageHeartRate":92.2913719943423,"meanSSinterval":65.086306098964329,"mean_RR":65.085155350978141}