{"maverageHeartRate":77.911779283000172,"meanSSinterval":77.108280254777071,"mean_RR":77.108280254777071}