{"maverageHeartRate":0.53514299102747154,"mean_RR":0.27905876503149657,"meanSSinterval":0.27894622520376816}