{"maverageHeartRate":0.43440924227391575,"mean_RR":0.36725007243114904,"meanSSinterval":0.36730668539519096}