{"maverageHeartRate":0.46877585014126572,"mean_RR":0.33546222295364214,"meanSSinterval":0.33566413959205987}