{"maverageHeartRate":0.3684508387567525,"mean_RR":0.43317176369786614,"meanSSinterval":0.43317110059329172}