{"maverageHeartRate":0.39087562475766008,"mean_RR":0.41005659899480484,"meanSSinterval":0.40998304169392108}