{"maverageHeartRate":0.31297432035486883,"mean_RR":0.49459480813516138,"meanSSinterval":0.4945628733438876}