{"maverageHeartRate":0.3973427925418177,"mean_RR":0.40363270485406105,"meanSSinterval":0.42782739208843484}