{"maverageHeartRate":0.46479807907044712,"mean_RR":0.33918678650488904,"meanSSinterval":0.34070812257081651}