{"maverageHeartRate":76.438971288610688,"meanSSinterval":78.5975935828877,"mean_RR":78.598393574297191}