{"maverageHeartRate":76.7238107809329,"meanSSinterval":78.302325581395351,"mean_RR":78.302325581395351}