{"maverageHeartRate":67.724160961763232,"meanSSinterval":88.725925925925921,"mean_RR":88.715133531157264}