{"maverageHeartRate":74.814428962104444,"meanSSinterval":80.316339869281052,"mean_RR":80.198433420365532}