{"maverageHeartRate":80.015123133238248,"meanSSinterval":75.069677419354832,"mean_RR":75.076227390180875}