{"maverageHeartRate":80.846968238691062,"meanSSinterval":74.298324022346364,"mean_RR":74.298324022346364}