{"maverageHeartRate":73.678300400268043,"meanSSinterval":81.555391432791723,"mean_RR":81.556868537666176}