{"maverageHeartRate":77.665471144440815,"meanSSinterval":77.335858585858588,"mean_RR":77.3467843631778}