{"maverageHeartRate":92.30974454745548,"meanSSinterval":65.092619392185242,"mean_RR":65.092619392185242}