{"maverageHeartRate":0.56144388518871269,"mean_RR":0.26537263806118278,"meanSSinterval":0.26541018708007474}