{"maverageHeartRate":0.94652100690368624,"mean_RR":0.025355727204979632,"meanSSinterval":0.025492909022876969}