{"maverageHeartRate":0.54085783484880823,"mean_RR":0.28188156810844028,"meanSSinterval":0.28189489732259271}