{"maverageHeartRate":0.70749398320083512,"mean_RR":0.16091790130013783,"meanSSinterval":0.16090077169039221}