{"maverageHeartRate":0.68154777713976233,"mean_RR":0.17785176663807717,"meanSSinterval":0.17786789437053144}