{"maverageHeartRate":0.61572659625078285,"mean_RR":0.22405745959914328,"meanSSinterval":0.22397092211600408}