{"maverageHeartRate":0.48327364444059134,"mean_RR":0.33051038372940134,"meanSSinterval":0.33052601243373236}