{"maverageHeartRate":0.8519979708627744,"mean_RR":0.074660243721446778,"meanSSinterval":0.075801607380235378}