{"maverageHeartRate":0.86685786867832493,"mean_RR":0.066429773319438917,"meanSSinterval":0.066639673556386364}