{"maverageHeartRate":67.784296274769787,"meanSSinterval":89.1051779935275,"mean_RR":88.658615136876008}