{"maverageHeartRate":67.310139593163271,"meanSSinterval":90.483185840707961,"mean_RR":89.452631578947361}