{"maverageHeartRate":70.964318875182386,"meanSSinterval":84.707865168539328,"mean_RR":84.707865168539328}