{"maverageHeartRate":94.404742569433168,"meanSSinterval":63.639534883720927,"mean_RR":63.639068564036222}