{"maverageHeartRate":87.179487179487168,"meanSSinterval":68.929003021148034,"mean_RR":68.927492447129907}