{"maverageHeartRate":80.581842224885335,"meanSSinterval":74.573189522342062,"mean_RR":74.573189522342062}