{"maverageHeartRate":64.71277842907385,"meanSSinterval":92.8990099009901,"mean_RR":92.9009900990099}