{"maverageHeartRate":69.399182999036128,"meanSSinterval":86.646123260437378,"mean_RR":86.63021868787277}