{"maverageHeartRate":76.704199016300151,"meanSSinterval":78.3312101910828,"mean_RR":78.347133757961785}