{"maverageHeartRate":53.40393343419062,"meanSSinterval":113.31428571428572,"mean_RR":113.31714285714285}