{"maverageHeartRate":67.604581673306782,"meanSSinterval":88.915129151291509,"mean_RR":88.900184842883547}