{"maverageHeartRate":83.714038770218551,"meanSSinterval":71.776957163958642,"mean_RR":71.776957163958642}