{"maverageHeartRate":75.735628854033024,"meanSSinterval":79.616144975288307,"mean_RR":79.35526315789474}