{"maverageHeartRate":74.625664144260185,"meanSSinterval":80.52998379254457,"mean_RR":80.531604538087521}