{"maverageHeartRate":75.419296663660944,"meanSSinterval":79.669540229885058,"mean_RR":79.669540229885058}