{"maverageHeartRate":82.8879204012828,"meanSSinterval":72.4962742175857,"mean_RR":72.4962742175857}