{"maverageHeartRate":69.751869350098588,"meanSSinterval":86.141025641025635,"mean_RR":86.155448717948715}