{"maverageHeartRate":79.463721754721973,"meanSSinterval":75.634822804314325,"mean_RR":75.620370370370367}