{"maverageHeartRate":77.809981171592369,"meanSSinterval":77.745065789473685,"mean_RR":77.111111111111114}