{"maverageHeartRate":61.009953350388031,"meanSSinterval":98.550847457627114,"mean_RR":98.552966101694921}