{"maverageHeartRate":71.692494347322551,"meanSSinterval":83.819722650231128,"mean_RR":83.824074074074076}