{"maverageHeartRate":67.290002268202315,"meanSSinterval":89.367117117117118,"mean_RR":89.370203160270876}