{"maverageHeartRate":90.837151187005418,"meanSSinterval":66.130853994490352,"mean_RR":66.147586206896548}