{"maverageHeartRate":0.30448300678660456,"mean_RR":-0.43572981308820175,"meanSSinterval":-0.44476416806013469}