{"maverageHeartRate":-0.80525554701700452,"mean_RR":0.75054696122868725,"meanSSinterval":0.74208172100180936}