{"maverageHeartRate":-0.19999965026007338,"mean_RR":0.050364270411594518,"meanSSinterval":0.0429499099456507}