{"maverageHeartRate":2.1727240365732028,"mean_RR":-1.739987664047506,"meanSSinterval":-1.7500563878650153}