{"maverageHeartRate":-1.1236393906064459,"mean_RR":1.1837908990108412,"meanSSinterval":1.1773174407071423}