{"maverageHeartRate":0.6552721806799392,"mean_RR":-0.73394171637157379,"meanSSinterval":-0.743713881621554}