{"maverageHeartRate":-0.95639958918534052,"mean_RR":0.94952881508500275,"meanSSinterval":0.94036108843644628}