{"maverageHeartRate":-0.87438216634265586,"mean_RR":0.8419192788023222,"meanSSinterval":0.83344200515176725}