{"maverageHeartRate":2.2051722440514179,"mean_RR":-1.7586911388972966,"meanSSinterval":-1.7680728789246409}