{"maverageHeartRate":0.0346787492517369,"mean_RR":-0.184940098649087,"meanSSinterval":-0.19377555961611445}