{"maverageHeartRate":-0.57680793858703461,"mean_RR":0.46953605903098988,"meanSSinterval":0.46108120434629984}