{"maverageHeartRate":-0.21045640728122894,"mean_RR":0.051522725189016273,"meanSSinterval":0.053642204435523949}