{"maverageHeartRate":-0.527824082383747,"mean_RR":0.4130443454057785,"meanSSinterval":0.40603657113290037}