{"maverageHeartRate":-0.32879992686662218,"mean_RR":0.17759837111312088,"meanSSinterval":0.22320110760923834}