{"maverageHeartRate":0.96366993211008278,"mean_RR":-0.97223484350610156,"meanSSinterval":-0.98165485320831614}