{"maverageHeartRate":0.066691351540322061,"mean_RR":-0.21627603372817369,"meanSSinterval":-0.22513634631098323}