{"maverageHeartRate":0.71108019759456365,"mean_RR":-0.78633330042449834,"meanSSinterval":-0.78550240782021352}