{"maverageHeartRate":0.71554648515837371,"mean_RR":-0.79024240259567735,"meanSSinterval":-0.67142288311705334}