{"maverageHeartRate":-0.35321715519304536,"mean_RR":0.21769205931906135,"meanSSinterval":0.20716195441018728}