{"maverageHeartRate":-0.3004297399469445,"mean_RR":0.1362991941395858,"meanSSinterval":0.13834396746689093}