{"maverageHeartRate":-2.2296456408304683,"mean_RR":3.2677680855922646,"meanSSinterval":3.2614268173953285}