{"maverageHeartRate":0.73349816727438466,"mean_RR":-0.796204263908635,"meanSSinterval":-0.805524500649484}