{"maverageHeartRate":0.4009366338699985,"mean_RR":-0.52087006993752538,"meanSSinterval":-0.52984291805212769}