{"maverageHeartRate":0.68581090055251814,"mean_RR":-0.75813390854094354,"meanSSinterval":-0.7688531727210518}