{"maverageHeartRate":-0.5308720806592081,"mean_RR":0.41866220516457986,"meanSSinterval":0.40808674256602878}