{"maverageHeartRate":0.46045849740283329,"mean_RR":-0.57284223825158087,"meanSSinterval":-0.58305009131724506}