{"maverageHeartRate":1.12330542082015,"mean_RR":-1.0867222745636791,"meanSSinterval":-1.0960478228692334}