{"maverageHeartRate":-0.51499649786558566,"mean_RR":0.39595922973837794,"meanSSinterval":0.38758446307904293}