{"maverageHeartRate":-0.86196891741290249,"mean_RR":0.825978162670481,"meanSSinterval":0.81794443147963536}