{"maverageHeartRate":-0.94722552992044906,"mean_RR":0.93751852698597782,"meanSSinterval":0.92971305433828189}