{"maverageHeartRate":1.8319195559538157,"mean_RR":-1.5468630660896969,"meanSSinterval":-1.5557115306677167}