{"maverageHeartRate":-0.98386828653461456,"mean_RR":0.99005023407658521,"meanSSinterval":0.98350514884857843}