{"maverageHeartRate":-0.502000824472344,"mean_RR":0.38041426927485678,"meanSSinterval":0.37411365454151957}