{"maverageHeartRate":-0.291431904662408,"mean_RR":0.1475505388899328,"meanSSinterval":0.13897876654602781}