{"maverageHeartRate":-0.48385215320162533,"mean_RR":0.36107935889225851,"meanSSinterval":0.35356824068258574}