{"maverageHeartRate":-1.148140158626241,"mean_RR":1.2239067664394765,"meanSSinterval":1.2159250194279607}