{"maverageHeartRate":-0.49035921555231349,"mean_RR":0.369135812672626,"meanSSinterval":0.38302358612870935}