{"maverageHeartRate":-0.050124974627254251,"mean_RR":-0.1030589077045547,"meanSSinterval":-0.11168820284479407}