{"maverageHeartRate":-1.1096424610911371,"mean_RR":1.1631730253185126,"meanSSinterval":1.1935508942328885}