{"maverageHeartRate":-0.35895525096669489,"mean_RR":0.21064272119036842,"meanSSinterval":0.21340643271515558}