{"maverageHeartRate":-1.1465717790076078,"mean_RR":1.2309419976073992,"meanSSinterval":1.3112565644286558}