{"maverageHeartRate":-0.11291572228151028,"mean_RR":-0.039012178376232727,"meanSSinterval":-0.047731908167619609}