{"maverageHeartRate":0.1310329269446773,"mean_RR":-0.27766944435706176,"meanSSinterval":-0.28657844626248608}