{"maverageHeartRate":0.59421021996747325,"mean_RR":-0.55670530035402144,"meanSSinterval":-0.58996513717035548}