{"maverageHeartRate":0.29833215576133,"mean_RR":-0.43134440093521181,"meanSSinterval":-0.44037527796472514}