{"maverageHeartRate":0.090855954261149785,"mean_RR":-0.23963848776641328,"meanSSinterval":-0.24864239032053689}