{"maverageHeartRate":1.7622951734844823,"mean_RR":-1.5044166833131152,"meanSSinterval":-1.508426145254514}