{"maverageHeartRate":1.1373713963501588,"mean_RR":-1.1315699939002606,"meanSSinterval":-1.0260146286638419}