{"maverageHeartRate":0.80050266907403278,"mean_RR":-0.84817488633903426,"meanSSinterval":-0.85753633946411867}