{"maverageHeartRate":-0.41492289495554247,"mean_RR":0.28309238869837922,"meanSSinterval":0.27326796300782263}