{"maverageHeartRate":1.0852379668871333,"mean_RR":-1.0595665870047375,"meanSSinterval":-1.0692233677499792}