{"maverageHeartRate":-1.6372567987865712,"mean_RR":2.0076517550059219,"meanSSinterval":2.0003742058667178}