{"maverageHeartRate":2.4557420605891935,"mean_RR":-1.8894563139058353,"meanSSinterval":-1.8996435769483069}