{"maverageHeartRate":-1.3488651978150041,"mean_RR":1.5252579596026352,"meanSSinterval":1.5176096637033736}