{"maverageHeartRate":0.46962982415132232,"mean_RR":0.33479352613233704,"meanSSinterval":0.3346555314624805}