{"maverageHeartRate":0.49988277634348449,"mean_RR":0.30838491833862852,"meanSSinterval":0.30836500666985006}