{"maverageHeartRate":0.60269417191288566,"mean_RR":0.25842408829088703,"meanSSinterval":0.25376101074174773}