{"maverageHeartRate":0.64672306818630465,"mean_RR":0.2019073336557041,"meanSSinterval":0.20191688116215267}