{"maverageHeartRate":0.55030160722482058,"mean_RR":0.26693556385258388,"meanSSinterval":0.26691832846843716}