{"maverageHeartRate":0.50375087943230679,"mean_RR":0.30515703466194832,"meanSSinterval":0.30515647047450783}