{"maverageHeartRate":0.44032958715734216,"mean_RR":0.36182435198432217,"meanSSinterval":0.36199717972905227}