{"maverageHeartRate":0.2742248580324988,"mean_RR":0.54098306005121244,"meanSSinterval":0.54094813008263765}