{"maverageHeartRate":0.54908794681716322,"mean_RR":0.26783222962943531,"meanSSinterval":0.26781493634974674}