{"maverageHeartRate":0.2469364813866643,"mean_RR":0.576453477316671,"meanSSinterval":0.578923337457847}