{"maverageHeartRate":0.475192792314203,"mean_RR":0.32988991577969173,"meanSSinterval":0.32985707102535505}