{"maverageHeartRate":64.124554690592433,"meanSSinterval":93.746031746031747,"mean_RR":93.733215547703182}