{"maverageHeartRate":90.036749693752554,"meanSSinterval":68.493006993006986,"mean_RR":66.790671217292385}