{"maverageHeartRate":84.7805924821328,"meanSSinterval":70.952319587628864,"mean_RR":70.862113402061851}