{"maverageHeartRate":92.192607069447718,"meanSSinterval":65.687707641196013,"mean_RR":65.83795782463929}