{"maverageHeartRate":89.027175770219969,"meanSSinterval":67.476941747572809,"mean_RR":67.479951397326857}