{"maverageHeartRate":80.7032967032967,"meanSSinterval":74.542595019659245,"mean_RR":74.443717277486911}