{"maverageHeartRate":102.01496833621185,"meanSSinterval":58.881355932203391,"mean_RR":58.881355932203391}