{"maverageHeartRate":70.517157286930257,"meanSSinterval":85.210455764075064,"mean_RR":85.198391420911534}