{"maverageHeartRate":57.89356490759296,"meanSSinterval":103.84007707129095,"mean_RR":103.83815028901734}