{"maverageHeartRate":75.36789458497644,"meanSSinterval":79.731595092024534,"mean_RR":79.731595092024534}