{"maverageHeartRate":90.409925391902092,"meanSSinterval":66.458217270195,"mean_RR":66.456824512534823}