{"maverageHeartRate":78.4286091781908,"meanSSinterval":76.605937921727389,"mean_RR":76.605937921727389}