{"maverageHeartRate":0.53242202944310479,"mean_RR":0.28135657854967627,"meanSSinterval":0.28133841203546767}