{"maverageHeartRate":0.47996780884258566,"mean_RR":0.325617125686261,"meanSSinterval":0.32559610137550615}