{"maverageHeartRate":0.39758173401336849,"mean_RR":0.40320306285271079,"meanSSinterval":0.40310258014909406}