{"maverageHeartRate":0.26182601638541642,"mean_RR":0.55719509952539381,"meanSSinterval":0.55713249759130057}