{"maverageHeartRate":0.54667945370206472,"mean_RR":0.26993051406108665,"meanSSinterval":0.27133997563821666}