{"maverageHeartRate":0.45723738549430243,"mean_RR":0.3462440382613185,"meanSSinterval":0.34622168212067611}