{"maverageHeartRate":0.26875532708233968,"mean_RR":0.54831243676880659,"meanSSinterval":0.54846198225696663}