{"maverageHeartRate":0.44795915137178166,"mean_RR":0.3529813493938681,"meanSSinterval":0.35466004908290943}