{"maverageHeartRate":87.943722504916167,"meanSSinterval":68.30609418282549,"mean_RR":68.31855955678671}