{"maverageHeartRate":85.941063771553686,"meanSSinterval":69.925039872408291,"mean_RR":69.925039872408291}