{"maverageHeartRate":91.161598176768038,"meanSSinterval":65.9359375,"mean_RR":65.8171875}