{"maverageHeartRate":91.218943402995791,"meanSSinterval":67.271493212669682,"mean_RR":65.771386430678461}