{"maverageHeartRate":75.254595952916276,"meanSSinterval":79.8855633802817,"mean_RR":79.869718309859152}