{"maverageHeartRate":75.819176757576429,"meanSSinterval":79.271304347826089,"mean_RR":79.260869565217391}