{"maverageHeartRate":113.56231192279755,"meanSSinterval":52.892425905598245,"mean_RR":52.892425905598245}