{"maverageHeartRate":104.6587498368785,"meanSSinterval":57.4725,"mean_RR":57.40375}