{"maverageHeartRate":89.661037541003523,"meanSSinterval":68.225138121546962,"mean_RR":68.507628294036067}