{"maverageHeartRate":78.174242264007276,"meanSSinterval":76.751623376623371,"mean_RR":76.627228525121552}