{"maverageHeartRate":91.449435340069627,"meanSSinterval":65.701534170153423,"mean_RR":65.701534170153423}