{"maverageHeartRate":96.454394116331656,"meanSSinterval":62.300309597523217,"mean_RR":62.29767441860465}