{"maverageHeartRate":70.804938056565575,"meanSSinterval":84.889298892988933,"mean_RR":84.894639556377086}