{"maverageHeartRate":89.158129175946556,"meanSSinterval":67.4579326923077,"mean_RR":67.376950780312129}