{"maverageHeartRate":68.384199710784685,"meanSSinterval":87.884615384615387,"mean_RR":87.886287625418063}