{"maverageHeartRate":103.44155844155844,"meanSSinterval":58.058435438265789,"mean_RR":58.052830188679245}