{"maverageHeartRate":86.007626870049862,"meanSSinterval":69.857923497267763,"mean_RR":69.857923497267763}