{"maverageHeartRate":62.823015964166757,"meanSSinterval":95.856880733944948,"mean_RR":95.68315018315019}