{"maverageHeartRate":86.284982226953687,"meanSSinterval":69.6198243412798,"mean_RR":69.608040201005025}