{"maverageHeartRate":93.76328414404567,"meanSSinterval":64.072632944228275,"mean_RR":64.072727272727278}