{"maverageHeartRate":48.092750304158017,"meanSSinterval":125.03579418344519,"mean_RR":125.03131991051454}