{"maverageHeartRate":79.852812215210548,"meanSSinterval":75.235446313065978,"mean_RR":75.235446313065978}