{"maverageHeartRate":71.4092799654297,"meanSSinterval":84.15,"mean_RR":84.153262518968134}