{"maverageHeartRate":101.99864557467572,"meanSSinterval":59.988553590010405,"mean_RR":58.877425944841676}