{"maverageHeartRate":66.762307988383085,"meanSSinterval":90.011041009463725,"mean_RR":90.011041009463725}