{"maverageHeartRate":64.45082338721862,"meanSSinterval":93.225352112676063,"mean_RR":93.225352112676063}