{"maverageHeartRate":82.5261743463412,"meanSSinterval":72.804347826086953,"mean_RR":72.804347826086953}