{"maverageHeartRate":0.62224446026091074,"mean_RR":0.21936652697815356,"meanSSinterval":0.21909997690916297}