{"maverageHeartRate":0.53954506173007344,"mean_RR":0.28273191159037536,"meanSSinterval":0.28274528101435936}