{"maverageHeartRate":0.62763767393976788,"mean_RR":0.21389858730767902,"meanSSinterval":0.21587405014842576}