{"maverageHeartRate":0.71862079549157232,"mean_RR":0.14695624260199575,"meanSSinterval":0.16927282163055438}