{"maverageHeartRate":0.71561870123035531,"mean_RR":0.15565233876972234,"meanSSinterval":0.15570331204158505}