{"maverageHeartRate":0.93959560189005553,"mean_RR":0.028982382436737768,"meanSSinterval":0.028983752914363319}