{"maverageHeartRate":0.63242233021763117,"mean_RR":0.21198458033037992,"meanSSinterval":0.21199460435531778}