{"maverageHeartRate":0.57414760734062753,"mean_RR":0.25529509163541286,"meanSSinterval":0.25510085796814652}