{"maverageHeartRate":0.50383846934584842,"mean_RR":0.31252990847278861,"meanSSinterval":0.31254468694201254}