{"maverageHeartRate":96.634995239156424,"meanSSinterval":63.120204603580561,"mean_RR":61.77221526908636}