{"maverageHeartRate":82.476892250016164,"meanSSinterval":72.863422291993714,"mean_RR":72.863422291993714}