{"maverageHeartRate":85.862089469407167,"meanSSinterval":69.976421636615811,"mean_RR":69.976421636615811}