{"maverageHeartRate":90.445047056946876,"meanSSinterval":66.4251655629139,"mean_RR":66.431034482758619}