{"maverageHeartRate":77.4964743804983,"meanSSinterval":77.557291666666671,"mean_RR":77.5808695652174}