{"maverageHeartRate":75.215460955863151,"meanSSinterval":79.9095652173913,"mean_RR":79.935540069686411}