{"maverageHeartRate":81.388048627361442,"meanSSinterval":73.8244382022472,"mean_RR":73.822784810126578}