{"maverageHeartRate":77.42279967962979,"meanSSinterval":77.630397236614854,"mean_RR":77.498275862068965}