{"maverageHeartRate":83.198183587414846,"meanSSinterval":72.221083455344072,"mean_RR":72.22254758418741}